{"cameraMode":{"drawMode":0,"name":"Shaded","section":"Shading Mode"},"sceneLighting":false,"audioPlay":false,"sceneViewState":{"showFog":false,"showMaterialUpdate":false,"showSkybox":false,"showFlares":false,"showImageEffects":false,"showParticleSystems":false},"in2DMode":false,"pivot":{"x":6.599999904632568,"y":-1.8671984672546387,"z":20.0},"rotation":{"x":0.16268719732761384,"y":0.1692892163991928,"z":-0.028345216065645219,"w":0.9716333150863648},"size":5.339486122131348,"orthographic":false}