{"cameraMode":{"drawMode":0,"name":"Shaded","section":"Shading Mode"},"sceneLighting":true,"audioPlay":false,"sceneViewState":{"showFog":false,"showMaterialUpdate":false,"showSkybox":false,"showFlares":false,"showImageEffects":false,"showParticleSystems":false},"in2DMode":false,"pivot":{"x":-0.1514708399772644,"y":3.0334062576293947,"z":-2.5577011108398439},"rotation":{"x":-0.1914307028055191,"y":-0.05239203944802284,"z":0.010233522392809391,"w":-0.980054497718811},"size":5.365947723388672,"orthographic":false}